scheme,dt,step,t,E_u,E_omega,E_m,E_H,energy,energy_normalized,dissipation,numerical_dissipation,balance_residual,balance_residual_scaled,cumulative_balance_scaled,full_relative_residual,monolithic_difference,energy_increment,wall_s,D_viscous,D_angular_gradient,D_angular_div,D_spin_coupling,D_m_curl,D_m_div,D_m_relaxation,D_H_relaxation,D_H_diffusion
first,0.0625,0,0.0,5.297793235033636e-05,9.32292233122049e-05,0.03553411365381639,0.006378326932483849,0.04205864774196278,1.0,0.0,0.0,0.0,0.0,0.0,0.0,0.0,0.0,0.0,,,,,,,,,
first,0.0625,1,0.0625,5.85523345687567e-07,4.251514551683832e-06,0.006356747423931641,0.00023264527059459894,0.006594229732423611,0.15678653704894113,0.25795321317224884,0.019342342186273107,-5.134781488891349e-16,-1.2208622398880104e-14,-1.2043641015111453e-14,1.2213941683674534e-14,0.0,-0.03546441800953917,1.4788630967959762,8.426405433996618e-05,0.00030323188353416944,0.00014828803329915293,9.391164919667902e-05,0.08443261176225753,0.12798007410914208,0.012713494847863282,0.001395871623567595,0.03080146520904838
first,0.0625,2,0.125,8.636670930061283e-09,2.2268559486129706e-07,0.001958262297234907,9.193804097379574e-06,0.0019676874235980777,0.0467843720432998,0.04815807297477295,0.0016166627479019982,-2.255140518769849e-16,-3.419869507550514e-14,-1.7488026679476905e-14,2.3593203698550265e-13,0.0,-0.004626542308825534,1.3933848678134382,1.224716009700665e-06,1.5163541566524482e-05,7.447169565992267e-06,1.9813060300129592e-06,0.0044582886998204875,0.0384940378913958,0.003916524594469814,5.516282458427751e-05,0.0012082422313303453
first,0.0625,3,0.1875,2.0268874318910037e-10,1.1813195619052667e-08,0.000680133271212405,4.3285166147681714e-07,0.0006805781387582441,0.016181645756509124,0.015030359303416375,0.00034771182837625605,-5.399326818977812e-17,-2.743996202966374e-14,-1.8807877749626105e-14,8.154346013395997e-14,0.0,-0.0012871092848398336,1.4332162290811539,2.895963120939559e-08,7.947785979579087e-07,3.9650242233522746e-07,7.588713747684199e-08,0.0002526966617435305,0.013356674220613669,0.00136026654242481,2.5971099688609063e-06,5.682864087652512e-05
first,0.0625,4,0.25,7.507600414798429e-12,6.278291933451378e-10,0.00024105766397022475,3.009431325482777e-08,0.00024108839362027335,0.005732195554631075,0.005235271630438917,0.00011228526823551914,-1.929879867024198e-17,-2.8356477487586953e-14,-1.9137840517163406e-14,3.313545937923817e-14,0.0,-0.00043948974513797074,1.3712848029099405,1.0829197499353808e-09,4.203167079141685e-08,2.1150912323191225e-08,3.753568636409194e-09,1.4750846199955128e-05,0.004734191821129369,0.0004821153279404495,1.8056587952896645e-07,3.965050218113866e-06
first,0.0625,5,0.3125,3.4993954400790855e-13,3.3388152535789304e-11,8.57249439328728e-05,3.817588909390268e-09,8.572879525987429e-05,0.0020383155394304536,0.0018564627289798545,3.9330677799149256e-05,-8.890457814381136e-18,-3.6876341000405297e-14,-1.9467803284700705e-14,9.16996313005603e-13,0.0,-0.00015535959836039906,1.3824616950005293,5.0731050885031816e-11,2.2301497275741316e-09,1.1265055366294297e-09,1.9743895695579671e-10,8.729030529730152e-07,0.001683605995168006,0.0001714498878657456,2.290553345634163e-08,5.074325344016597e-07
first,0.0625,6,0.375,1.7707847731174928e-14,1.7767202160936606e-12,3.050295697365148e-05,8.360002475922343e-10,3.0503794768327135e-05,0.0007252680817384642,0.0006602416779752679,1.3959895618090555e-05,-2.3513634615779377e-18,-2.7427930772269968e-14,-1.9467803284700705e-14,2.4687995576508826e-12,0.0,-5.522500049154715e-05,1.2106178510002792,2.5726062488126636e-12,1.1855091032143837e-10,5.994013437170435e-11,1.0503963607866584e-11,5.215473627476568e-08,0.0005990663317723744,6.100591394730296e-05,5.016001485553415e-09,1.1206995021572088e-07
first,0.0625,7,0.4375,9.232035680780955e-16,9.462286236838e-14,1.0854800118823101e-05,2.474487651110724e-10,1.0855047663134278e-05,0.0002580931210563856,0.00023493043263412563,4.965595065559224e-06,-7.792703114739563e-19,-2.5546667796332424e-14,-1.9467803284700705e-14,2.220091316984559e-12,0.0,-1.9648747105192855e-05,1.3559207362122834,1.342394156273099e-13,6.3110289549298606e-12,3.1886868261407366e-12,5.598438778290015e-13,3.153727540473434e-09,0.00021318286429635415,2.1709600237646203e-05,1.4846925906664306e-09,3.331948619506449e-08
first,0.0625,8,0.5,4.876064766994292e-17,5.044370923035998e-15,3.862885632757803e-06,8.268047865396113e-11,3.862968318329589e-06,9.184718305803792e-05,8.360223266254249e-05,1.7669398033954899e-06,-2.947674656444965e-19,-2.715487529783776e-14,-1.9467803284700705e-14,2.1595842258153763e-12,0.0,-6.99207934480469e-06,1.380351754836738,7.0926454597327014e-15,3.364213440468341e-13,1.6968741571149927e-13,2.985595063581275e-14,1.9454176470639238e-10,7.586461811815887e-05,7.725771265515607e-06,4.960828719237676e-10,1.1152111174016912e-08
first,0.03125,0,0.0,5.297793235033636e-05,9.32292233122049e-05,0.03553411365381639,0.006378326932483849,0.04205864774196278,1.0,0.0,0.0,0.0,0.0,0.0,0.0,0.0,0.0,0.0,,,,,,,,,
first,0.03125,1,0.03125,1.8841223804445233e-06,1.1284198235155783e-05,0.011051558393181081,0.0006502844173948372,0.011715011131191519,0.2785398903708264,0.5661927414554901,0.012650113440287897,7.042977312465837e-16,1.674561045251798e-14,1.6663119760633656e-14,1.0425453122117813e-13,0.0,-0.03034363661077126,1.4325203127227724,0.00027182711469281973,0.0008162261904270279,0.0004000246804847443,0.00029487450183471276,0.2250593407066352,0.22708078261082718,0.022103116786362162,0.0039017065043690183,0.08626484235985729
first,0.03125,2,0.0625,8.230910903261929e-08,1.5561536757430688e-06,0.0050643522364208025,6.909159983128449e-05,0.005135082299036863,0.12209337614802783,0.15034176513479033,0.0018817486716926782,2.203098814490545e-16,1.880577653592439e-14,2.1942524041230458e-14,7.191103982471137e-14,0.0,-0.006579928832154656,1.4391935672610998,1.1667351164487283e-05,0.00010669064665057056,5.201558501564156e-05,1.6550412531773372e-05,0.030626533349399555,0.09989547126226246,0.010128704472841605,0.00041454959898770634,0.009089582455936523
first,0.03125,3,0.09375,4.904749171984613e-09,2.1786682283545866e-07,0.0026724574629406208,7.788928021220699e-06,0.002680469162533849,0.06373170100425006,0.06337255550267208,0.00047422077704459595,8.413408858487514e-17,1.6384175303413415e-14,2.3922300646454258e-14,5.801342541075132e-14,0.0,-0.002454613136503014,1.5472561023198068,6.978789797214654e-07,1.4716425757896579e-05,7.293255310464849e-06,1.5205598397648204e-06,0.0044456308743258035,0.052488518427430506,0.0053449149258812416,4.673356812732428e-05,0.001022529587019368
first,0.03125,4,0.125,4.2717899826030637e-10,3.057641792911486e-08,0.0014693682922393356,9.856072878892002e-07,0.0014703849031241522,0.034960346612787525,0.03259683400431397,0.00019143319677494003,5.5077470362263625e-17,2.0547697818018867e-14,2.5077170332834808e-14,2.6696552605157927e-14,0.0,-0.0012100842594096966,1.5368039212189615,6.134035420663087e-08,2.052178603939218e-06,1.028075279770507e-06,1.8729385442585834e-07,0.0006654434183803622,0.028854031243052133,0.002938736584478671,5.913643727335211e-06,0.0001293802265831256
first,0.03125,5,0.15625,4.857372290798883e-11,4.293687947672093e-09,0.0008170588624383074,1.5390765452627427e-07,0.0008172171123545042,0.019430418147732074,0.017802765774101587,9.683136032900486e-05,3.144186300207963e-17,2.1383423439178788e-14,2.5902077251678057e-14,1.5073707553516223e-14,0.0,-0.000653167790769648,1.4157882179133594,7.022035466420803e-09,2.8724527552437083e-07,1.4476039675621226e-07,2.5509880731854882e-08,0.00010107666617099182,0.01604593832875951,0.0016341177248766147,9.23445927157645e-07,2.024507077883563e-05
first,0.03125,6,0.1875,6.247444734346039e-12,6.031338023648379e-10,0.00045574263947280617,3.2861546985017474e-08,0.0004557761104010383,0.01083668008532526,0.009882101750800098,5.262532224098027e-05,1.7401444868392346e-17,2.1293539507826283e-14,2.6397021402984008e-14,1.0993800896963027e-14,0.0,-0.0003614410019534659,1.3107249969616532,9.063202108831663e-10,4.028090377183595e-08,2.0357208391831004e-08,3.5652838252194844e-09,1.5471994347431015e-05,0.00895053718884831,0.0009114852789456123,1.971692819101048e-07,4.34500966063639e-06
first,0.03125,7,0.21875,8.440829655781327e-13,8.475396985566388e-11,0.00025442368446492683,9.929037713509761e-09,0.00025443369910069317,0.006049497850280132,0.005509423452968776,2.9172928395078494e-05,7.589415207398531e-18,1.66516301188331e-14,2.6562002786752657e-14,4.681131958347272e-13,0.0,-0.00020134241130034515,1.4071961930021644,1.2265341737174085e-10,5.655439166925833e-09,2.8606483356903477e-09,5.010943047566834e-10,2.3810828161512673e-06,0.004996804035976501,0.0005088473689298537,5.957422628105856e-08,1.3222511847636345e-06
first,0.03125,8,0.25,1.1644308448183726e-13,1.1915671516123734e-11,0.00014206912622424708,3.967003079211116e-09,0.00014207310525944089,0.003377976061690914,0.003075261637384375,1.6258667672995805e-05,5.244828009398628e-18,2.061373170274495e-14,2.672698417052131e-14,4.540031485679184e-13,0.0,-0.00011236059384125228,1.33537985291332,1.693320848078669e-11,7.947811320146336e-10,4.0188323804699775e-10,7.050190526767324e-11,3.684783605736051e-07,0.002790198258745822,0.00028413825244849415,2.3802018475266702e-08,5.315617115266645e-07
first,0.03125,9,0.28125,1.6227033522154545e-14,1.6762617940145928e-12,7.933631430549027e-05,1.881898617233482e-09,7.933819789659633e-05,0.0018863706313942893,0.0017171339846582746,9.074470342276621e-06,3.144186300207963e-18,2.2130763556313758e-14,2.672698417052131e-14,8.789486738638584e-13,0.0,-6.273490736284455e-05,1.274674165993929,2.36060848524349e-12,1.1179365923225175e-10,5.646459695299495e-11,9.922309032212574e-12,5.74581639765196e-08,0.0015581392866418963,0.00015867262861098054,1.1291391703400886e-08,2.531393085440805e-07
first,0.03125,10,0.3125,2.2742792844196087e-15,2.359859279277862e-13,4.4305094284084057e-05,9.753577664020125e-10,4.430606988011067e-05,0.0010534354350129425,0.0009588907977673796,5.066790586256707e-06,1.6534083130403943e-18,2.0840003388976983e-14,2.689196555428996e-14,8.377661570709598e-13,0.0,-3.503212801648566e-05,1.2415182539261878,3.3093124550845895e-13,1.5739675460665344e-11,7.935981628126998e-12,1.3969913197910783e-12,9.064518978060915e-09,0.0008701342083117388,8.861018856816811e-05,5.852146598412083e-09,1.3145881831663358e-07
first,0.03125,11,0.34375,3.1994447791259226e-16,3.3251885195607047e-14,2.4742223052839296e-05,5.269261318027379e-10,2.4742750012542928e-05,0.0005882916199385216,0.0005354853348412325,2.8294031537802006e-06,9.723938234479368e-19,2.1947192023105885e-14,2.7056946938058608e-14,8.219850370728695e-13,0.0,-1.956331986756774e-05,1.2861892757937312,4.657281873450084e-14,2.2184047461611507e-12,1.1159775232483776e-12,1.9681143939810485e-13,1.4561645013743898e-09,0.00048592518234695113,4.948444610567859e-05,3.161556790816423e-09,7.108508954403429e-08
first,0.03125,12,0.375,4.514168730362438e-17,4.690456317270895e-15,1.3817372190276498e-05,2.9001287905371936e-10,1.381766220789115e-05,0.0003285332018438858,0.0002990410808372628,1.580054028487859e-06,5.437951521372608e-19,2.197795927540766e-14,2.7056946938058608e-14,8.155142450313144e-13,0.0,-1.0925087804651778e-05,1.5425378158688545,6.576641328123093e-15,3.130777241627633e-13,1.5704156642601265e-13,2.775290133265604e-14,2.404656306201143e-10,0.0002713652151587097,2.7634744380552996e-05,1.740077274322314e-09,3.9140250646348474e-08
first,0.03125,13,0.40625,6.387062967541323e-18,6.625159732856279e-16,7.716375683320446e-06,1.6093281114863172e-10,7.716536616800498e-06,0.00018347086820629164,0.0001669999495171191,8.82377168680978e-07,2.981555974335137e-19,2.1577861214702412e-14,2.689196555428996e-14,8.127301117827366e-13,0.0,-6.101125591090651e-06,1.5244762930087745,9.323621644270427e-16,4.425813675006651e-14,2.2118644944813597e-14,3.918581641706733e-15,4.1323998812605186e-11,0.00015154446793031414,1.5432751366640893e-05,9.655968668917898e-10,2.172322807060707e-08
first,0.03125,14,0.4375,9.066698043393292e-19,9.37402257838004e-17,4.309255843906175e-06,8.962539136200403e-11,4.309345469392184e-06,0.00010246039044885081,9.326167271987133e-05,4.927638749124984e-07,1.6347735882007997e-19,2.118532794416551e-14,2.689196555428996e-14,3.303318765301421e-12,0.0,-3.4071911474083143e-06,1.2178277671337128,1.329435736739285e-16,6.2709585609631896e-15,3.118820713778488e-15,5.543144298785033e-16,7.490009786677116e-12,8.463051711722484e-05,8.61851168781235e-06,5.377523481720244e-10,1.2098662399150978e-08
first,0.03125,15,0.46875,1.2928473944542963e-19,1.3294059406518828e-17,2.4065348136115605e-06,4.999203075439385e-11,2.4065848056557384e-06,5.7219738029157775e-05,5.2082419669608635e-05,2.751850490612713e-07,9.571472303973594e-20,2.2210965381997122e-14,2.7056946938058608e-14,1.809285048337566e-12,0.0,-1.9027606637364455e-06,1.289072754792869,1.9143008146151865e-17,8.915354354099828e-16,4.4041191560865297e-16,7.863352237159884e-17,1.4475081549090945e-12,4.726230005793319e-05,4.813069627223121e-06,2.999521845263632e-10,6.748583329927663e-09
first,0.03125,16,0.5,1.856241259861233e-20,1.8914574914152265e-18,1.3439495068937868e-06,2.7904298838979286e-11,1.3439774111945358e-06,3.195484123598253e-05,2.9085738444785192e-05,1.5367806806171833e-07,5.293955920339377e-20,2.199779499936175e-14,2.7056946938058608e-14,1.1517645209379278e-12,0.0,-1.0626073944612026e-06,1.2833637930452824,2.8064994223899504e-18,1.274193505497965e-16,6.231590958933483e-17,1.1206143988679588e-17,2.994990085674447e-13,2.6393904848709848e-05,2.6878990137875736e-06,1.6742579303387584e-10,3.766856791978544e-09
first,0.015625,0,0.0,5.297793235033636e-05,9.32292233122049e-05,0.03553411365381639,0.006378326932483848,0.04205864774196278,1.0,0.0,0.0,0.0,0.0,0.0,0.0,0.0,0.0,0.0,,,,,,,,,
first,0.015625,1,0.015625,5.229091274841045e-06,2.4104862205382115e-05,0.016645606992441664,0.001484555340139331,0.01815949628606122,0.43176605195376067,1.0839390715713395,0.006962603462600164,7.840950111415168e-16,1.8642896365857455e-14,1.8642896365857455e-14,1.9027585328181278e-14,0.0,-0.02389915145590156,10.000294157769531,0.0007581740481457347,0.0017876859208001594,0.0008843263759631332,0.0007997771611264583,0.4859208360512973,0.3539963586722318,0.03329121398488333,0.008907332040836,0.1975933673160557
first,0.015625,2,0.03125,5.866900222906998e-07,6.995476465264543e-06,0.009705213804268212,0.0003530748509547949,0.010065870821710562,0.23932939745154086,0.3999052975989808,0.0018451051893667268,1.4224732503009818e-16,7.83321975396882e-15,2.1942524041230458e-14,4.2885262504520834e-14,0.0,-0.008093625464350659,9.999389692209661,8.323471905590089e-05,0.00048620980498726167,0.00023451724917062332,0.00010210602669465284,0.13685511650635426,0.19407183722241092,0.019410427608536424,0.0021184491057287726,0.04654339935604196
first,0.015625,3,0.046875,7.692040675340535e-08,2.0683181470037926e-06,0.006390091611443912,8.554349322159696e-05,0.006477780343219265,0.15401779874050137,0.19122540347869,0.0006001935491369888,2.233456475320139e-16,2.218840788720347e-14,2.738690970559591e-14,2.4543895844962902e-14,0.0,-0.0035880904784912964,1.4727511242963374,1.0898146357726275e-05,0.00014088481587768467,6.896390807711639e-05,1.7920111732982737e-05,0.04057897130029857,0.1258728757410705,0.012780183222887823,0.0005132609593295817,0.011241445273057996
first,0.015625,4,0.0625,1.2592133604640982e-08,6.139208671367881e-07,0.00446178497086438,2.126860186995736e-05,0.004483680085735079,0.10660542662339614,0.11193640791704827,0.0002450938837806057,2.98806118737005e-16,4.6127855979214515e-14,3.448110920764786e-14,2.17437930200127e-12,0.0,-0.0019941002574841863,1.2855756259523332,1.7943065229646084e-06,4.143770930689508e-05,2.055113477601969e-05,4.145337318462202e-06,0.012393622223524338,0.08763184425247862,0.00892356994172876,0.000127611611219744,0.00279183140017247
first,0.015625,5,0.078125,2.606348931405925e-09,1.8240461846014068e-07,0.0031986824584381585,5.50861219930994e-06,0.00320437608160486,0.07618828121304023,0.073824740045089,0.00012579244092586567,1.6241348543832856e-16,3.622325463296332e-14,3.811069965055816e-14,1.3252035807455221e-12,0.0,-0.001279304004130219,1.5972718042321503,3.741546564513321e-07,1.2250345340271671e-05,6.129955069881743e-06,1.12121222327619e-06,0.0038490739697014187,0.06280253007609746,0.006397364916876317,3.3051673195859686e-05,0.0007228437419280601
first,0.015625,6,0.09375,6.402128845716278e-10,5.421074824010146e-08,0.002319762748625597,1.5210650601578537e-06,0.0023213386646468792,0.05519289823316958,0.051610798341362195,7.661869287429478e-05,9.82287168271867e-17,3.065455312535925e-14,4.0585420407087913e-14,6.753709005003433e-15,0.0,-0.0008830374169579809,1.453551443759352,9.243707908014706e-08,3.630106707942332e-06,1.8267046659623862e-06,3.2337427355717267e-07,0.0012066994733686742,0.04554992748388792,0.004639525497251194,9.126390360947116e-06,0.00019964687376690995
first,0.015625,7,0.109375,1.7293031824583845e-10,1.611363607768145e-08,0.001690783459847073,4.617456892180139e-07,0.0016912614921026868,0.04021197976879509,0.037029972923954824,5.148384560747147e-05,7.318364664277155e-17,3.152648416076945e-14,4.223523424477441e-14,5.8217063844475256e-15,0.0,-0.0006300771725441924,1.4661307446658611,2.505717358104166e-08,1.0770985013357954e-06,5.438041859891353e-07,9.535518653485078e-08,0.0003803661154928611,0.03320285365983752,0.003381566919694146,2.77047413530809e-06,6.0674439747548714e-05
first,0.015625,8,0.125,4.893435336848394e-11,4.790252448274712e-09,0.00123501810371469,1.5931249353824487e-07,0.00123518225539503,0.029368092454448155,0.026866998540100655,3.628238451863873e-05,5.4643789493269423e-17,3.2309485995174343e-14,4.3720066698692264e-14,5.8807956425358624e-15,0.0,-0.0004560792367076568,1.3892320119775832,7.1046079175704855e-09,3.1985375158030216e-07,1.6177073715269047e-07,2.831154564313941e-08,0.00012030279731170372,0.024254202140978343,0.00247003620742938,9.558749612294682e-07,2.098447877770425e-05
first,0.015625,9,0.140625,1.4164159093612235e-11,1.424283449714574e-09,0.000902957023838387,6.404079995949694e-08,0.0009030225030859553,0.021470554845846628,0.01958655433488502,2.611984082653655e-05,4.0332320816460765e-17,3.265293088554116e-14,4.4709955001304165e-14,5.655895540972896e-15,0.0,-0.0003321597523090747,1.3944429266266525,2.058687385193881e-09,9.504026362305741e-08,4.8102155035276946e-08,8.421693615395415e-09,3.814300431005983e-05,0.017733491601183683,0.001805914047676774,3.8424479975698175e-07,8.467814115088634e-06
first,0.015625,10,0.15625,4.1481925936919475e-12,4.235728481132585e-10,0.0006604481144782072,3.0132896339306777e-08,0.0006604786750955871,0.015703754413307347,0.01430820829305918,1.897807341134606e-05,2.7538735181131813e-17,3.04961782093159e-14,4.536988053637876e-14,5.5779216716066685e-15,0.0,-0.00024254382799036823,1.4280134537257254,6.032720949277165e-10,2.8253735625135856e-08,1.4299952176199013e-08,2.506205206391769e-09,1.2120116972995286e-05,0.012970962163558235,0.0013208962289564144,1.8079737803584066e-07,4.003323028396067e-06
first,0.015625,11,0.171875,1.2229079660599882e-12,1.2600098581623763e-10,0.00048315685181580647,1.6298485580590307e-08,0.00048317327752528085,0.011488083984288655,0.01046154379543452,1.3843775766662749e-05,2.087089182034596e-17,3.159964523809257e-14,4.586482468768471e-14,2.3639758205888343e-13,0.0,-0.00017730539757030626,1.3650480518117547,1.7790236109771517e-10,8.403032960930542e-09,4.250915673477727e-09,7.458811320306433e-10,3.860476665308697e-06,0.00948908268229785,0.0009663137036316129,9.779091348354213e-08,2.175564194139461e-06
first,0.015625,12,0.1875,3.619775912725181e-13,3.7493320907632595e-11,0.00035348570419798737,9.817607999580953e-09,0.0003534955596612854,0.008404824658891627,0.007651968056450803,1.0115716981966603e-05,1.496198998029996e-17,3.096609575954273e-14,4.619478745522202e-14,2.8863531535524233e-13,0.0,-0.00012967771786399543,1.3022755598649383,5.2667050737832635e-11,2.500256782412073e-09,1.2637489771541109e-09,2.2200269521851635e-10,1.2333191152243364e-06,0.006942384803903747,0.0007069714083959747,5.8905647997485786e-08,1.3155807123539823e-06
first,0.015625,13,0.203125,1.0743032547074126e-13,1.1160618030818129e-11,0.00025862519500903324,6.372640475438592e-09,0.000258631578917557,0.00614930799735425,0.005597883952970903,7.39704397856904e-06,1.0991099523571801e-17,3.1092609859380754e-14,4.6359768838990663e-14,2.574488357657261e-13,0.0,-9.48639807437284e-05,1.3190897749736905,1.563244478234269e-11,7.442674370647816e-10,3.757583793645553e-10,6.608745312072886e-11,3.955853071639455e-07,0.0050793421931230815,0.0005172503900180665,3.823584285263155e-08,8.563469340239799e-07
first,0.015625,14,0.21875,3.1944661180054915e-14,3.323522749963714e-12,0.00018922422779056255,4.340442030582872e-09,0.00018922857158806055,0.004499159667448445,0.004095503597908944,5.41076361217747e-06,8.253489038045903e-18,3.1912147281430146e-14,4.668973160652796e-14,2.406899430041043e-13,0.0,-6.940300732949647e-05,1.311967646703124,4.648849647943742e-12,2.2165920604489883e-10,1.1175238744912943e-10,1.967859654856213e-11,1.275740674191472e-07,0.0037163168229109155,0.0003784484555811251,2.6042652183497243e-08,5.84344958261435e-07
first,0.015625,15,0.234375,9.512939386831639e-15,9.901702154617682e-13,0.00013844775486584112,3.0448914270077215e-09,0.00013845080075695128,0.0032918509792890004,0.002996439686686543,3.958400726637962e-06,5.936006894358137e-18,3.136950643627155e-14,4.6854712990296614e-14,2.3149644890674667e-13,0.0,-5.077777083110926e-05,1.407987171318382,1.3846769094003102e-12,6.605115875778756e-11,3.3245395648820555e-11,5.861725511343241e-12,4.144833894872739e-08,0.002719073950466484,0.00027689550973168225,1.826934856204633e-08,4.104022579091217e-07
first,0.015625,16,0.25,2.836546800103566e-15,2.9515591603159935e-13,0.00010129703496116,2.1739520795544657e-09,0.00010129920921123202,0.0024085227331301882,0.002192353867151435,2.896062371482489e-06,4.397795062144327e-18,3.1764316552163564e-14,4.6854712990296614e-14,2.2626809138071225e-13,0.0,-3.7151591545719266e-05,1.36825938988477,4.1304651871490475e-13,1.969470804004264e-11,9.893674942326531e-12,1.7468548444274562e-12,1.36025028519451e-08,0.001989439901204297,0.00020259406992232,1.3043712477326814e-08,2.9321806120483897e-07
first,0.015625,17,0.265625,8.468495822568004e-16,8.803606574933013e-14,7.411540124134484e-05,1.5682116945001522e-09,7.411696954192226e-05,0.0017622290187892615,0.0016040544427650511,2.1188890011091304e-06,3.2932640989247197e-18,3.251026463649396e-14,4.7019694374065266e-14,2.2315945396180948e-13,0.0,-2.718223966930976e-05,1.4682588130235672,1.2341260901368675e-13,5.8768488284666696e-12,2.945515822279398e-12,5.208816284609968e-13,4.524259422944137e-09,0.0014555980934353636,0.00014823080248268968,9.409270167000922e-09,2.116038507489547e-07
first,0.015625,18,0.28125,2.531659195016865e-16,2.6277570826668186e-14,5.422764975477191e-05,1.1380437706243824e-09,5.4228787825073275e-05,0.0012893611834069523,0.0011736248014796254,1.5502941937321645e-06,2.3276465390548173e-18,3.1405041968671524e-14,4.7019694374065266e-14,2.2124604596382522e-13,0.0,-1.9888181716848983e-05,1.2361504728905857,3.694950416731286e-14,1.7552479246060736e-12,8.773499667794628e-13,1.5543121024455796e-13,1.531195978000327e-09,0.0010650075434640827,0.00010845529950954383,6.828262623746296e-09,1.535962224183733e-07
first,0.015625,19,0.296875,7.580386317429048e-17,7.850351452119921e-15,3.9676516838992615e-05,8.287366471684968e-10,3.967734558356594e-05,0.0009433813903621783,0.0008586979689231135,1.134286477085446e-06,1.760134464394436e-18,3.24575660822833e-14,4.7019694374065266e-14,2.200191744595511e-13,0.0,-1.4551442241507334e-05,1.3090719250030816,1.1094006059001527e-14,5.248526341238217e-13,2.6147473030468897e-13,4.642456587705134e-14,5.296610055397512e-10,0.0007792275668837173,7.935303367798523e-05,4.9724198830109796e-09,1.1186543667640283e-07
first,0.015625,20,0.3125,2.274309276045964e-17,2.347791170697704e-15,2.9029975170956704e-05,6.047033752777351e-10,2.9030579876702514e-05,0.0006902404484045764,0.0006282785438115807,8.299134598087698e-07,1.2925722775100623e-18,3.257708545012739e-14,4.7019694374065266e-14,2.1922042873022683e-13,0.0,-1.0646765706863427e-05,1.2234190250746906,3.3450011646869487e-15,1.571804388105972e-13,7.797969345792191e-14,1.3883796393951735e-14,1.8809212291903425e-10,0.0005701331462839546,5.805995034191341e-05,3.6282202516664097e-09,8.16306209491555e-08
first,0.015625,21,0.328125,6.841965782890398e-18,7.031019067744986e-16,2.1240274548454412e-05,4.4174337270196865e-10,2.1240716292537057e-05,0.0005050261345265449,0.0004596894020512642,6.072166771153819e-07,9.266540442962046e-19,3.19199288554294e-14,4.7019694374065266e-14,2.186898545897018e-13,0.0,-7.789863584165457e-06,1.2686342019587755,1.0151753579342243e-15,4.716941888988554e-14,2.3275381271492815e-14,4.159477211583514e-15,6.882854063680607e-11,0.00041714649923746503,4.2480549096908824e-05,2.6504602362118124e-09,5.963435249400044e-08
first,0.015625,22,0.34375,2.0661644515306097e-18,2.1093089750218728e-16,1.5540819201890947e-05,3.229150174071217e-10,1.5541142117121354e-05,0.0003695112171097131,0.0003363389341380293,4.4427832950967336e-07,6.776263578034403e-19,3.190223665110224e-14,4.7019694374065266e-14,9.232251264484237e-13,0.0,-5.699574175415703e-06,1.2447835206985474,3.113074479585444e-16,1.4196894688051918e-14,6.9546314438431486e-15,1.2493723878074995e-15,2.6013043686489057e-11,0.00030521173875101593,3.1081638403781895e-05,1.937490104442733e-09,4.359345737108198e-08
first,0.015625,23,0.359375,6.274275111149088e-19,6.34279699145447e-17,1.1370720964585844e-05,2.3614304049987995e-10,1.13709571076904e-05,0.0002703595507267192,0.0002460878345054648,3.250625952835646e-07,4.980553729855286e-19,3.204753995762199e-14,4.6854712990296614e-14,6.158687479287471e-13,0.0,-4.170185009430955e-06,1.332642925903201,9.705468923980737e-17,4.291204998419004e-15,2.08093991070347e-15,3.7674043419651204e-16,1.015752828477875e-11,0.00022331308620485008,2.2741441929171688e-05,1.4168582429992788e-09,3.187934882582495e-08
first,0.015625,24,0.375,1.9212481359770584e-19,1.9134712083090276e-17,8.319599197097707e-06,1.7272705904162029e-10,8.319771924176077e-06,0.00019781358581044602,0.00018005429019685875,2.3783689918876044e-07,3.5575383784680614e-19,3.128618237476271e-14,4.6854712990296614e-14,4.2970042573585134e-13,0.0,-3.0511851835143225e-06,1.2800378231331706,3.105298465809368e-17,1.3053983896173186e-15,6.238436180350799e-16,1.1429669276451202e-16,4.090930924793084e-12,0.00016339073327138862,1.6639198394195414e-05,1.0363623542497209e-09,2.3318075914956273e-08
first,0.015625,25,0.390625,5.958183096259719e-20,5.79887157647503e-18,6.087193567786119e-06,1.263581226633799e-10,6.087319925914641e-06,0.00014473408568105713,0.0001317398365590996,1.7401705202577073e-07,2.659683454378503e-19,3.19682255549559e-14,4.6854712990296614e-14,3.230766907582052e-13,0.0,-2.232451998261436e-06,1.4148904918693006,1.0331377976809178e-17,4.010065736479715e-16,1.875298725142068e-16,3.501132884917608e-17,1.6937243685260928e-12,0.0001195476314409755,1.2174387135572239e-05,7.5814873598028e-10,1.7058139457623838e-08
first,0.015625,26,0.40625,1.8837948002286076e-20,1.7690331871448927e-18,4.4538144943482736e-06,9.244423545243387e-11,4.453906938585514e-06,0.00010589753065555076,9.638979973119724e-05,1.2732236652936492e-07,1.9524109434211623e-19,3.2073407791653165e-14,4.7019694374065266e-14,2.6681138801640995e-13,0.0,-1.6334129873291266e-06,1.4362243260256946,3.631413302428679e-18,1.2505311512682493e-16,5.659729550572908e-17,1.0890210865056643e-17,7.17774572854771e-13,8.746913568118071e-05,8.907628988696547e-06,5.546654127146028e-10,1.2479677936514083e-08
first,0.015625,27,0.421875,6.130587987455794e-21,5.449662976571817e-19,3.258722954020328e-06,6.763579364539687e-11,3.2587905898145243e-06,7.748205814432692e-05,7.052536513810722e-05,9.31575184882057e-08,1.41030985717841e-19,3.1664556009477395e-14,4.7019694374065266e-14,2.3962459861477214e-13,0.0,-1.19511634877099e-06,1.4130532662384212,1.3687449875347584e-18,3.990414118069863e-17,1.718444846246474e-17,3.46979327759257e-18,3.099546810878525e-13,6.399838260623003e-05,6.517445908040656e-06,4.05814761872382e-10,9.130499058052498e-09
first,0.015625,28,0.4375,2.0796607622449813e-21,1.7034519174888612e-19,2.3843118533983684e-06,4.948634256733655e-11,2.384361339741108e-06,5.669134572203998e-05,5.160121343835997e-05,6.816029009914631e-08,1.0460856898590609e-19,3.210042686169041e-14,4.7019694374065266e-14,2.2732504073657466e-13,0.0,-8.744292500734162e-07,1.2815012270584702,5.577508540177975e-19,1.3175317622750255e-17,5.266297493524507e-18,1.1465254308097778e-18,1.3581556633139158e-13,4.682561235762012e-05,4.768623706796737e-06,2.9691805540401896e-10,6.680320051995569e-09
first,0.015625,29,0.453125,7.458600917852003e-22,5.441209945013571e-20,1.7445321524327186e-06,3.620773770830889e-11,1.7445683601704819e-06,4.147942109013386e-05,3.7755027421358444e-05,4.987067611197623e-08,7.570356966085309e-20,3.17500407337895e-14,4.6854712990296614e-14,2.2197720475415547e-13,0.0,-6.397929795706262e-07,1.2647652188315988,2.450753128941965e-19,4.56415082193356e-18,1.6373305871393974e-18,3.9898152591021177e-19,6.017045463264232e-14,3.42608580816107e-05,3.489064304865437e-06,2.172464262498533e-10,4.887728278760859e-09
first,0.015625,30,0.46875,2.861954308713014e-22,1.7932474691477755e-20,1.2764247011412333e-06,2.6492435712595335e-11,1.2764511935769642e-06,3.034931606475361e-05,2.7624216501930843e-05,3.648878375090295e-08,5.463362509790237e-20,3.1316414045571417e-14,4.6854712990296614e-14,3.55862083237168e-12,0.0,-4.681171665935177e-07,1.2506711860187352,1.1471366185057215e-19,1.6820703273403728e-18,5.204784107330328e-19,1.4846181688298907e-19,2.6874752423602484e-14,2.5067631923386186e-05,2.5528494022824666e-06,1.5895461427557206e-10,3.576194770696215e-09
first,0.015625,31,0.484375,1.1814981725159986e-22,6.174884964750753e-21,9.339244023639934e-07,1.9384079866373332e-11,9.33943786443866e-07,2.2205749271202816e-05,2.0211821354500127e-05,2.6697698469073325e-08,3.959879028413854e-20,3.102256512696889e-14,4.6854712990296614e-14,3.046123555667583e-12,0.0,-3.425074071330982e-07,1.2583009782247245,5.629731654491119e-20,6.662663302088554e-19,1.7104977208295933e-19,5.96403745542175e-20,1.207438460022353e-14,1.834123962926319e-05,1.8678488047279868e-06,1.1630447919823996e-10,2.6166039544168035e-09
first,0.015625,32,0.5,5.2277679447292453e-23,2.25087851215528e-21,6.833269465935013e-07,1.4183071845433896e-11,6.83341129665349e-07,1.6247339521179267e-05,1.4788401575223717e-05,1.953388216567489e-08,2.848148285142585e-20,3.049592841114502e-14,4.6854712990296614e-14,2.608301759427487e-12,0.0,-2.5060265677851696e-07,1.3400246519595385,2.8537581919237546e-20,2.840482529721327e-19,5.894288230498958e-20,2.5853321007534652e-20,5.4477911836714856e-15,1.3419748072798947e-05,1.3666538931870025e-06,8.509843107260334e-11,1.914505358504899e-09
second,0.0625,0,0.0,6.531445487228225e-05,0.00010439705796654345,0.03530558092733559,0.007475032609595207,0.04295032504976962,1.0,0.0,0.0,0.0,0.0,0.0,0.0,0.0,0.0,0.0,,,,,,,,,
second,0.0625,1,0.0625,2.468552930750794e-05,1.358296330100546e-05,0.005684966048102968,0.0008013977716384187,0.0065246323123499,0.15191112767573564,0.5828110837987557,0.0,2.5049406993105094e-15,5.832181005400669e-14,5.832181005400669e-14,7.334417860827861e-14,0.0,-0.036425692737419725,37.37686117179692,0.00034553744311033107,0.0009929516971859116,0.0003887886419292983,0.00037633237602366083,0.22322482824071124,0.22639889505133137,0.021922205433024283,0.005190312385671369,0.10397123252976821
second,0.0625,2,0.125,1.0272526333161904e-05,5.856699398713684e-06,0.0012796581106252185,0.00011536094825851791,0.001411148284615612,0.03285535750848016,0.08181574444374856,0.0,-3.469446951953614e-18,-5.317459721656046e-16,5.832181005400669e-14,1.2771305313427973e-14,0.0,-0.0051134840277342886,5.644456116948277,0.00011606950062142476,7.838324288152426e-05,4.042699990066211e-05,0.000119599702056517,0.019161767937561497,0.04700182187839248,0.004426428356780709,0.0004960988682546718,0.010375147957299066
second,0.0625,3,0.1875,4.743973724707448e-06,3.4372811087115765e-06,0.00032338693395283824,2.349561388339684e-05,0.00035506380266965413,0.008266847858734858,0.01689735171113537,0.0,2.8189256484623115e-18,1.9976112214388364e-15,5.84833663145441e-14,6.994792638580567e-15,0.0,-0.0010560844819459579,5.369613437913358,4.3923794967773365e-05,2.040398824474232e-05,1.677673710501859e-05,4.606738202400829e-05,0.0029204231557053723,0.01129457039250976,0.0010358475226079343,6.283699043153136e-05,0.0014565017475392326
second,0.0625,4,0.25,2.46039550634301e-06,2.145224017073246e-06,8.968614180249716e-05,7.690664415455933e-06,0.00010198242574136935,0.002374427332580021,0.004049302030852558,0.0,1.0842021724855044e-19,3.053541826380509e-16,5.832181005400669e-14,5.25414207930466e-15,0.0,-0.00025308137692828475,5.635987909976393,1.8056585046523242e-05,9.671453258916361e-06,1.0201142686858717e-05,1.928132967727831e-05,0.0006503486589068179,0.0028403750184485188,0.00024964788672967165,7.739858106075058e-06,0.00024398009799189724
second,0.0625,5,0.3125,1.4245616252733764e-06,1.3806970571023845e-06,2.833632374349596e-05,3.0404890710025426e-06,3.418207149687426e-05,0.0007958512876739593,0.0010848056679724812,0.0,3.784990441728364e-15,3.711414407152091e-11,1.4653152830743508e-13,7.817849781136954e-13,0.0,-6.780035424449509e-05,5.156970079056919,8.174103601445018e-06,5.283970462509063e-06,6.521911950330031e-06,8.825760545354392e-06,0.0001724611827339473,0.0007469198094091822,6.1015863079830855e-05,1.8934450191864752e-06,7.3709621170696e-05
second,0.0625,6,0.375,9.011534440763502e-07,9.094041842521383e-07,1.10585951324662e-05,1.3344808756650639e-06,1.4203633636459751e-05,0.0003306990952920841,0.00031965500577480285,0.0,5.106659995042506e-16,1.4939586079531425e-11,1.5848669158720378e-13,4.3963401297130227e-13,0.0,-1.9978437860414512e-05,5.225786795839667,4.130645902133742e-06,3.0693011176534805e-06,4.241241944704804e-06,4.474040949649875e-06,5.1838572944565795e-05,0.0002094101901074215,1.5006560835493592e-05,5.69067634181778e-07,2.6915384338998235e-05
second,0.0625,7,0.4375,6.07465110729124e-07,6.105479373559891e-07,5.615213341602076e-06,6.318787443350138e-07,7.465105134022203e-06,0.00017380788446587657,0.00010781645604198721,0.0,1.8665302728990488e-16,1.3141216682101641e-11,1.6284871062171398e-13,2.555612293362465e-13,0.0,-6.738528502437548e-06,5.343602295964956,2.321213500115503e-06,1.8614171387394744e-06,2.7925541120713254e-06,2.5055243831269004e-06,1.782351030935178e-05,6.548667234664738e-05,3.742883978952694e-06,2.2280081422063355e-07,1.1059879458761514e-05
second,0.0625,8,0.5,4.278625564614462e-07,4.1674629832292087e-07,3.6053646042452713e-06,3.2468604805345184e-07,4.7746595070830905e-06,0.00011116701681652817,4.304713003167244e-05,0.0,4.041448301234443e-17,5.413786180740509e-12,1.6365649192440106e-13,1.78355474293262e-13,0.0,-2.690445626939113e-06,5.114526294637471,1.4225305133931853e-06,1.1681842819464921e-06,1.8591890449570661e-06,1.524564959029519e-06,7.116627423584315e-06,2.4051937520135032e-05,9.57098563336801e-07,9.17390614117464e-08,4.855258663878285e-06
second,0.03125,0,0.0,6.531445487228225e-05,0.00010439705796654345,0.03530558092733559,0.007475032609595203,0.042950325049769617,1.0,0.0,0.0,0.0,0.0,0.0,0.0,0.0,0.0,0.0,,,,,,,,,
second,0.03125,1,0.03125,9.183653497605818e-06,7.194727023960203e-06,0.00799296015932405,4.0778498184276094e-05,0.008050117038029894,0.18742854748367208,1.1168066563746037,0.0,-3.3355262996082047e-14,-7.766009444033524e-13,-7.766009444033524e-13,7.832919091957696e-13,0.0,-0.03490020801173972,36.14086565002799,0.0009405960495305402,0.0021135517643133114,0.0008484225034481504,0.0010059208792099108,0.48285321345762167,0.3535346922800928,0.033044727835332605,0.011485995817526322,0.23097953578752844
second,0.03125,2,0.0625,2.1949002730636134e-06,2.1073803763653133e-06,0.00382284330891821,5.663333909361473e-06,0.003832808923477,0.08923818199363218,0.13495385966552403,0.0,-5.268355196541563e-15,-6.544445467877183e-13,-8.992221461512501e-13,5.295286226203453e-13,0.0,-0.004217308114552894,5.259250542148948,0.00011088902257880225,9.022372892015336e-05,6.430489625380517e-05,0.00012103516688054224,0.009216851994858206,0.11294535173157372,0.011210201264782171,2.9232928206392763e-05,0.0011657689314702557
second,0.03125,3,0.09375,8.448205781508275e-07,8.788520722157649e-07,0.0019172830378778422,1.1620242616503496e-06,0.001920168734789859,0.044706733477914824,0.06120448603799242,0.0,1.218643241873707e-16,3.179504290989266e-14,-8.964756897221141e-13,1.1512135497401064e-13,0.0,-0.0019126401886871412,5.415581149980426,2.128358815199326e-05,1.6298455399117673e-05,2.169392212116011e-05,2.3238295238371013e-05,0.0003136152973708221,0.055109402371932695,0.005550917475230543,3.2717298341677963e-06,0.00014476490271354847
second,0.03125,4,0.125,4.127569792809992e-07,4.0227782405310883e-07,0.000965209196933849,2.7812434001359453e-07,0.0009663023560771966,0.022498138371653136,0.030523724118799708,0.0,-1.715207836872068e-16,-8.932589130297335e-14,-9.005145962355494e-13,1.438548379464395e-13,0.0,-0.0009538663787126624,5.289160295855254,6.8378186768922175e-06,5.816476449596578e-06,9.060364363976234e-06,7.3617697143052965e-06,3.304722892002138e-05,0.027634229475195324,0.002792637998613159,8.135151259747922e-07,3.391947174046078e-05
second,0.03125,5,0.15625,2.2567243281629506e-07,1.9571876559980979e-07,0.00048659481305324314,1.2299461673836564e-07,0.00048713919886839765,0.011341921121759023,0.015333221030680381,0.0,-3.707971429900425e-17,-3.8372786805087744e-14,-9.013223775382365e-13,7.252011760695551e-14,0.0,-0.000479163157208799,5.202744702808559,2.9743698420220876e-06,2.4009845106861766e-06,4.077941094856255e-06,3.143267089698716e-06,8.210615727265919e-06,0.013899653886714892,0.0014059923307985346,1.8669871894235375e-07,6.580936183482052e-06
second,0.03125,6,0.1875,1.331285283645042e-07,1.0023409870063353e-07,0.00024566011993498694,6.411489675156365e-08,0.0002459575974588036,0.005726559628449725,0.007717811245106187,0.0,-2.5695591487906455e-17,-5.2747944627728896e-14,-9.019686025803861e-13,6.497960769061359e-14,0.0,-0.00024118160140959403,5.425818553194404,1.4757531696436531e-06,1.0932087372992714e-06,1.909547684286329e-06,1.5384045056895692e-06,3.7172310027007777e-06,0.006996941050457275,0.0007079491147149383,8.888660203960739e-08,3.0980482323137747e-06
second,0.03125,7,0.21875,8.378023894963927e-08,5.3773132433152185e-08,0.0001243281786498861,4.4623431495773695e-08,0.00012451035545276467,0.002898938606599266,0.0038863117441928444,0.0,-1.2549640146519714e-17,-5.10235921808502e-14,-9.02291715101461e-13,4.1791061307559925e-14,0.0,-0.00012144724200603894,5.071940954308957,7.885484545536649e-07,5.325250522062892e-07,9.308626881314987e-07,8.139573308908126e-07,2.5284970288783522e-06,0.0035230880632567034,0.00035647212248825244,3.57868639866599e-08,1.1213810292414146e-06
second,0.03125,8,0.25,5.5777016957318426e-08,3.014492988173786e-08,6.319830746959562e-05,3.322435227802679e-08,6.33174537687127e-05,0.001474201969259656,0.0019581728538894325,0.0,-7.209944447028604e-18,-5.79063839373893e-14,-9.026148276225358e-13,3.294091407407639e-14,0.0,-6.119290168405197e-05,5.270305656827986,4.482244802787736e-07,2.7371074589973585e-07,4.713846706223838e-07,4.5888568829890965e-07,2.074018006227283e-06,0.0017742768966206917,0.00017949669778163485,1.8937980901978185e-08,6.540979148773713e-07
second,0.03125,9,0.28125,3.893256963276625e-08,1.763577579745921e-08,3.238455603037503e-05,2.739109478856841e-08,3.246851547059383e-05,0.0007559550581507878,0.000987166025539699,0.0,-3.2729353081906165e-18,-5.169088637306961e-14,-9.027763838830733e-13,2.2994392394608486e-14,0.0,-3.084893829811887e-05,5.10472431499511,2.700167352436531e-07,1.471659606727179e-07,2.476976180200998e-07,2.744345607176766e-07,1.8293248116597513e-06,0.0008936867140054255,9.038318576174269e-05,8.927857174543576e-09,3.185582290425217e-07
second,0.03125,10,0.3125,2.824198764138032e-08,1.075775740786834e-08,1.68378358242889e-05,2.3350205953289594e-08,1.690018577529144e-05,0.00039348213909226495,0.0004981865502496075,0.0,-2.1582399496039573e-18,-6.647177791539738e-14,-9.027763838830733e-13,1.833923554381676e-14,0.0,-1.556832969530239e-05,5.240403030067682,1.7159488695594633e-07,8.236094945996167e-08,1.3495053008421e-07,1.7328884377591148e-07,1.6625345188720886e-06,0.00045024424540432775,4.551163722410584e-05,4.677358219484628e-09,2.0126053380623515e-07
second,0.03125,11,0.34375,2.113039930603932e-08,6.835824028023497e-09,8.981888938852848e-06,2.0639875342183905e-08,9.030495037529095e-06,0.00021025440499145964,0.000251830103608366,0.0,-9.063252535621014e-19,-5.362812371489875e-14,-9.027763838830733e-13,1.2394928347283175e-14,0.0,-7.869690737762344e-06,5.441628094762564,1.1427488556641827e-07,4.7842000857211655e-08,7.617597554228906e-08,1.1477976161852894e-07,1.532577859796077e-06,0.00022690454320919832,2.2917079250090788e-05,2.311098866469982e-09,1.205195668299305e-07
second,0.03125,12,0.375,1.6208791874706396e-08,4.519169507512716e-09,5.00091865480921e-06,1.849549797487656e-08,5.040142114166306e-06,0.00011734817159883965,0.0001276912935475862,0.0,-7.199780051661553e-19,-7.972741274692668e-14,-9.029379401436107e-13,1.0804687206084004e-14,0.0,-3.990352923362789e-06,5.177629680838436,7.915630875649173e-08,2.879651909754633e-08,4.451444781379317e-08,7.915710519763171e-08,1.4237801540106646e-06,0.00011440804854716166,1.1539886444640775e-05,1.2210194779132909e-09,8.673300142972167e-08
second,0.03125,13,0.40625,1.2690411786019498e-08,3.103089158964145e-09,2.9734217332662163e-06,1.6793052771292793e-08,3.0060082869824925e-06,6.998802182519493e-05,6.509228246987463e-05,0.0,-2.31239994600424e-19,-4.5879657629192386e-14,-9.029379401436107e-13,6.328990589030785e-15,0.0,-2.0341338271838135e-06,5.285127547103912,5.6629199109289966e-08,1.7938742700364325e-08,2.690169505080392e-08,5.643308023604574e-08,1.3290511760257587e-06,5.773067161983687e-05,5.8109990415254935e-06,6.267721792492644e-10,6.303114321075172e-08
second,0.03125,14,0.4375,1.0107718231673407e-08,2.2084276004326445e-09,1.9313976941730295e-06,1.533334763523306e-08,1.9590471876403687e-06,4.561192925479098e-05,3.3502755178939644e-05,0.0,-2.5982735657025663e-19,-8.643600807603825e-14,-9.029379401436107e-13,6.501791659990337e-15,0.0,-1.0469610993421237e-06,5.205312862992287,4.1594184283204606e-08,1.1552592110132984e-08,1.679159561525514e-08,4.13369904986207e-08,1.2447110802706885e-06,2.9168887435347737e-05,2.926266763430434e-06,3.4435680165203866e-10,5.1270180581916114e-08
second,0.03125,15,0.46875,8.170152802761688e-09,1.6250392264819786e-09,1.3872261849275383e-06,1.4074040833853742e-08,1.4110954177906357e-06,3.285412662547951e-05,1.7534456635186757e-05,0.0,-1.4685433723021432e-19,-7.496212350407817e-14,-9.029379401436107e-13,3.053217626673473e-14,0.0,-5.47951769849733e-07,5.143842719960958,3.122043312123106e-08,7.681861903688773e-09,1.0808206190306333e-08,3.096001614760554e-08,1.1686131672512568e-06,1.4768878088561101e-05,1.4736670737052496e-06,1.8960147586918386e-10,4.24381868304477e-08
second,0.03125,16,0.5,6.689816701251261e-09,1.2330449655909879e-09,1.0951279174796733e-06,1.2952007689748708e-08,1.1160027868362643e-06,2.5983570218457533e-05,9.442964190535309e-06,0.0,-1.4298974940836658e-19,-1.013324454219027e-13,-9.029379401436107e-13,2.553649937659413e-14,0.0,-2.950926309543714e-07,5.4133487632498145,2.3863895610011037e-08,5.266728511415234e-09,7.1611252942663775e-09,2.362282136214163e-08,1.099369750740778e-06,7.504317240979849e-06,7.422087143574163e-07,1.1405948440144731e-10,3.7039854195028766e-08
second,0.015625,0,0.0,6.531445487228229e-05,0.00010439705796654345,0.03530558092733559,0.007475032609595202,0.042950325049769617,1.0,0.0,0.0,0.0,0.0,0.0,0.0,0.0,0.0,0.0,,,,,,,,,
second,0.015625,1,0.015625,1.8281245239698231e-06,1.9288708714165366e-05,0.013662715881705945,0.0009009743774273398,0.01458480709237142,0.33957384665822576,1.8153931492735529,0.0,1.0685896612017132e-15,2.487966412276186e-14,2.487966412276186e-14,2.0421213629148e-14,0.0,-0.028365517957398195,67.76525629684329,0.0020998484211773474,0.003645563917281337,0.0015492927615743622,0.0022195141824952296,0.8349048889002336,0.4984934631693697,0.044429716587540774,0.02017022352581776,0.407880637808063
second,0.015625,2,0.03125,4.2656556059768903e-07,3.90234917838573e-06,0.008126171943808717,0.00011503626145937214,0.008245537120007073,0.19197845675096473,0.4057132782315671,0.0,3.8892500331400015e-15,2.666644823279338e-13,1.1535117002371408e-13,2.703014146720659e-13,0.0,-0.006339269972364347,7.501172543037683,5.655966365843267e-05,0.0006566118716062662,0.000276656092514889,8.494150535190668e-05,0.12257623530300024,0.20918766567968572,0.02114641443420556,0.002487625330188266,0.04924056835135582
second,0.015625,3,0.046875,1.3336925975150038e-07,8.117977194983041e-07,0.005493447209407403,1.5826964633119077e-05,0.005510219341019772,0.12829284375926575,0.175060337855273,0.0,1.3396402043230893e-15,1.6246851900921893e-13,1.465315283074351e-13,1.2203829184928024e-13,0.0,-0.002735317778987301,5.43916113069281,1.1522154767625923e-05,0.00012621777293984367,6.067268929767066e-05,1.8162549339055524e-05,0.022224675669188544,0.13245420887435,0.013434959313287838,0.00032376445965712154,0.006406154372445289
second,0.015625,4,0.0625,5.467168557597504e-08,1.7434711150813943e-07,0.0038538154072656995,2.5401628735884102e-06,0.003856584588936372,0.08979174393831645,0.10583262413336125,0.0,3.699297812520541e-16,6.713521882843805e-14,1.5525556637645552e-13,6.366036932239002e-14,0.0,-0.0016536347520833996,5.2733953832648695,2.9540211093864306e-06,2.580816652525022e-05,1.2749351025769158e-05,4.325168050396514e-06,0.004187079454319587,0.0913739057005197,0.009261845139007125,4.631468151969391e-05,0.0009176424512843419
second,0.015625,5,0.078125,2.764971169773799e-08,3.9745841770806874e-08,0.0027313660607549894,5.445004683032152e-07,0.0027319779567767616,0.06360785287680648,0.071974824458229,0.0,2.177077962350893e-16,5.6450932480423585e-14,1.6010225419257794e-13,3.472976076554719e-14,0.0,-0.0011246066321596105,5.327349854167551,9.523193591778426e-07,5.5227485914075536e-06,2.626857401600557e-06,1.2421033740922164e-06,0.0007978238878098055,0.06446754829561342,0.00653261911810919,7.980835529367607e-06,0.00015850829244093954
second,0.015625,6,0.09375,1.58754478152227e-08,1.0305048668267515e-08,0.001941250153365809,1.7397386379475974e-07,0.0019414503077260872,0.04520222618749427,0.05059376953925171,0.0,1.3357370765021415e-16,4.8892674012570327e-14,1.6317182314278883e-13,3.320875102403957e-14,0.0,-0.0007905276490506744,5.232406112831086,3.9700911604626145e-07,1.1234611183492977e-06,6.668587701485453e-07,4.505023918508933e-07,0.00015575086595928666,0.045759471434730636,0.004636437279990189,1.8720345380337917e-06,3.7600092637169236e-05
second,0.015625,7,0.109375,9.940083981673964e-09,3.3270075936040986e-09,0.001380776916203033,8.203900804958942e-08,0.0013808722223026578,0.03215044870329951,0.035876997467105994,0.0,1.0180658399638887e-16,5.2438418635411407e-14,1.6559516705085004e-13,2.855043518731742e-14,0.0,-0.0005605780854234293,5.1227723131887615,1.9455513023656747e-07,2.7277410209293506e-07,1.535316933177219e-07,2.0559708414872755e-07,3.3540238083095645e-05,0.03253277768254535,0.003296199677725509,6.39702944919783e-07,1.3013707797322013e-05
second,0.015625,8,0.125,6.595738907130934e-09,1.4376312334518437e-09,0.0009823662550312868,4.9593060771178836e-08,0.0009824238814621984,0.022873491186010664,0.025500693813793943,0.0,7.096103218917627e-17,5.1388557929600466e-14,1.672107296562242e-13,2.311352518780963e-14,0.0,-0.0003984483408404594,5.517619520891458,1.0861858901642215e-07,6.336757583044678e-08,5.337426194849772e-08,1.0960233961392886e-07,9.915396076946888e-06,0.023139380051193034,0.002344451412165525,3.037999264647999e-07,6.3081916655601824e-06
second,0.015625,9,0.140625,4.58428071918033e-09,7.991842488155495e-10,0.0006989935051571108,3.4268513172107256e-08,0.0006990331571352508,0.016275386887648256,0.01813700635692782,0.0,4.960224939121183e-17,5.048966166965111e-14,1.683416234799861e-13,1.5276590366833186e-14,0.0,-0.0002833907243269476,5.095226335339248,6.502577028772134e-08,2.1758317403118247e-08,1.8041889651111025e-08,6.476723918112565e-08,5.046128385040062e-06,0.016460163957938593,0.0016677204607371213,1.7758442648521255e-07,3.728632224060398e-06
second,0.015625,10,0.15625,3.3057954016845377e-09,5.259885941735042e-10,0.0004974079396499572,2.5121326070205428e-08,0.0004974368927600233,0.011581679351287972,0.012902160920016758,0.0,3.434210381347835e-17,4.912800410529561e-14,1.6914940478267318e-13,1.2836350283238537e-14,0.0,-0.0002015962643752275,5.212571995332837,4.1323270553876425e-08,8.274956995298e-09,8.941968986908762e-09,4.076815327230427e-08,3.789458651003643e-06,0.011709320946144283,0.0011863705992382137,1.1575982776686905e-07,2.46484780568276e-06
second,0.015625,11,0.171875,2.4587306946882854e-09,3.821898765518274e-10,0.0003539954865103178,1.9040105537274865e-08,0.0003540173675364263,0.008242484012081422,0.009178849614311846,0.0,2.5560066216345767e-17,5.138353545617819e-14,1.696340735642854e-13,1.0304047212517633e-14,0.0,-0.00014341952522359703,5.305144357029349,2.737857257361568e-08,4.598139008034303e-09,4.4965975549791645e-09,2.694164426437001e-08,3.264605913613611e-06,0.008329780898596857,0.0008439598122233506,7.925197210784075e-08,1.7016306525135416e-06
second,0.015625,12,0.1875,1.876188294335435e-09,2.9575746863619266e-10,0.00025196510806071927,1.4678059822731734e-08,0.000251981958066305,0.00586682307466394,0.006530266206088905,0.0,1.7875783318854754e-17,5.0494085765482796e-14,1.7011874234589766e-13,8.992925998714108e-15,0.0,-0.00010203540947012127,5.127423351164907,1.8843987359454292e-08,2.777165654148601e-09,2.7076490641915316e-09,1.8485768416056118e-08,2.9172089325393584e-06,0.005925666899391193,0.000600377529420975,5.54866734800324e-08,1.206267100223622e-06
second,0.015625,13,0.203125,1.4628376231290282e-09,2.388137088257183e-10,0.00017937360505419122,1.14859126744276e-08,0.0001793867926181976,0.0041766108268174755,0.004646090588679719,0.0,1.3186608922854948e-17,5.2331559862651364e-14,1.7044185486697248e-13,7.650709216600425e-15,0.0,-7.259516544810742e-05,5.346885642968118,1.3379032909500556e-08,1.934170495709065e-09,1.6814355629853004e-09,1.3104071757757267e-08,2.635621431958709e-06,0.004215426372795864,0.0004270979486185215,3.9197270380641946e-08,8.613498522674925e-07
second,0.015625,14,0.21875,1.1613153584311028e-09,1.989054012960162e-10,0.00012772499338920603,9.08507033271079e-09,0.00012773543868029846,0.002974027286924657,0.003305686652026104,0.0,8.734603752086345e-18,4.8691453950441374e-14,1.706034111275099e-13,6.879044698910765e-15,0.0,-5.165135393789914e-05,5.1489043068140745,9.766345821442319e-09,1.40316937975991e-09,1.1332903950155406e-09,9.548797751917725e-09,2.393433906420576e-06,0.0029987929869756797,0.0003038300277412697,2.7811695223163744e-08,6.205401041625099e-07
second,0.015625,15,0.234375,9.360913071997387e-10,1.6954394825580115e-10,9.09754299374043e-05,7.2714168013852e-09,9.098380698946114e-05,0.002118349672185989,0.002352104428213996,0.0,6.3696877633523385e-18,4.9866253477976905e-14,1.7092652364858474e-13,5.9471354338437885e-15,0.0,-3.675163169083732e-05,5.223889858927578,7.298987667196502e-09,1.0721940983084928e-09,7.94628309728928e-10,7.127602077527035e-09,2.18140401027005e-06,0.002133299635182574,0.00021613941491333742,1.9762729866539536e-08,4.479179657951431e-07
second,0.015625,16,0.25,7.643453297001069e-10,1.4711322323386953e-10,6.482535939134012e-05,5.877334107934896e-09,6.483214818400099e-05,0.0015094681613905213,0.0016737061635497452,0.0,4.6180236284304454e-18,5.0756544282273895e-14,1.7092652364858474e-13,5.425167572233245e-15,0.0,-2.615165880546015e-05,5.426243240945041,5.568628035774218e-09,8.413751686502986e-10,5.855892451802907e-10,5.431727059613243e-09,1.9943295789562554e-06,0.0015176022369586392,0.00015375785427392796,1.4057738424316483e-08,3.252576802883989e-07
second,0.015625,17,0.265625,6.31023258639791e-10,1.2944337709528084e-10,4.6216120329356125e-05,4.801563053933739e-09,4.6221682359045797e-05,0.001076166066391475,0.0011910698127973434,0.0,3.296652230713737e-18,5.084903590356846e-14,1.7092652364858474e-13,4.773547916913245e-15,0.0,-1.8610465824955194e-05,5.201857898849994,4.324359284079877e-09,6.771450606838744e-10,4.474120002756719e-10,4.214538214022556e-09,1.828394696879491e-06,0.0010796043358678707,0.00010938070164949087,1.0001721961415025e-08,2.367154065815676e-07
second,0.015625,18,0.28125,5.259098522327335e-10,1.1517729839177631e-10,3.2971774125251084e-05,3.958781501992096e-09,3.29763739939037e-05,0.0007677793813129846,0.0008476997353692313,0.0,2.14299335655338e-18,4.6363378552662876e-14,1.7092652364858474e-13,4.357993338791346e-15,0.0,-1.3245308365142096e-05,5.210692905820906,3.4103789621226558e-09,5.545003335149023e-10,3.5384231532220015e-10,3.321566455215433e-09,1.6805404946394849e-06,0.0007680195106799662,7.781156925511327e-05,7.118862135223549e-09,1.7335578931092455e-07
second,0.015625,19,0.296875,4.4191149405014273e-10,1.0342565891181948e-10,2.3544360573185578e-05,3.2951323288923723e-09,2.354820104266743e-05,0.0005482659564364285,0.0006034030688792291,0.0,1.683901499141549e-18,5.1063876806250733e-14,1.7092652364858474e-13,3.912320772836105e-15,0.0,-9.428172951236271e-06,5.144566022325307,2.7258196295555147e-09,4.6082644821597093e-10,2.877132672543164e-10,2.6536269092106995e-09,1.5482486476519355e-06,0.0005463623749278892,5.535383709195242e-05,5.067113171540524e-09,1.2741311230969434e-07
second,0.015625,20,0.3125,3.7399005837291415e-10,9.358499231209514e-11,1.6832642837103936e-05,2.7651349146514236e-09,1.6835875547069274e-05,0.00039198482264244424,0.00042958883171835235,0.0,1.0994487655360818e-18,4.6689289069002335e-14,1.7108807990912214e-13,3.563351251165271e-15,0.0,-6.712325495598156e-06,5.142841532826424,2.204377354419195e-09,3.874267334395882e-10,2.396302882598468e-10,2.145339104780084e-09,1.4294240339104305e-06,0.0003886786817890331,3.9377796107752976e-05,3.6078059130264586e-09,9.434520826192547e-08
second,0.015625,21,0.328125,3.1849807211554644e-10,8.523130292582708e-11,1.2053189449656529e-05,2.339389282372272e-09,1.2055932568313942e-05,0.0002806947922825699,0.0003059163506403951,0.0,8.419507495707745e-19,5.0009323674130996e-14,1.7092652364858474e-13,3.2547023996516885e-15,0.0,-4.779942978755332e-06,5.165975327137858,1.8010745866748103e-09,3.289394745703092e-10,2.0354842687206498e-10,1.7525539752492094e-09,1.3223124005943153e-06,0.00027650443913137325,2.801271663401145e-05,2.5689333174650074e-09,7.022742463526383e-08
second,0.015625,22,0.34375,2.727464125302041e-10,7.805799752529787e-11,8.648646714982853e-06,1.992938728472721e-09,8.650990458121381e-06,0.000201418509594441,0.00021791629505235927,0.0,5.52688998083431e-19,4.5843736679154814e-14,1.7108807990912214e-13,2.9511642989133725e-15,0.0,-3.404942110192561e-06,5.123760472051799,1.4849458755296213e-09,2.8161562307369204e-10,1.7577612443172265e-10,1.4448589648925389e-09,1.225436884170324e-06,0.00019670509796312658,1.9927794914016986e-05,1.8298137557441265e-09,5.2748280701698644e-08
second,0.015625,23,0.359375,2.347209832643637e-10,7.183751447793324e-11,6.222497226648165e-06,1.7093533944978147e-09,6.224513138540405e-06,0.0001449235397247312,0.00015529454845320803,0.0,3.9895251815677546e-19,4.611639789548567e-14,1.7092652364858474e-13,2.7431401941776936e-15,0.0,-2.4264773195809765e-06,5.456030293833464,1.2341323538321852e-09,2.4287746352371667e-10,1.538718678679491e-10,1.2008532173920053e-09,1.1375478037135444e-06,0.0001399366490007068,1.4176320103128928e-05,1.3035407866629812e-09,3.989626996948299e-08
second,0.015625,24,0.375,2.0289068831711974e-10,6.639718201024331e-11,4.492638741933403e-06,1.4745438124209556e-09,4.494382573616151e-06,0.00010464141001047578,0.00011072835615517007,0.0,2.786738396466648e-19,4.477038339291086e-14,1.7108807990912214e-13,4.256261509051863e-14,0.0,-1.7301305649242536e-06,5.010216511320323,1.033002897774256e-09,2.1084483191593463e-10,1.3623473074173845e-10,1.0052368302309793e-09,1.057582427993752e-06,9.955214196103432e-05,1.0084818915681611e-05,9.290197687966788e-10,3.0498511400929785e-08
second,0.015625,25,0.390625,1.7607631928740497e-10,6.160344735021092e-11,3.258367375961818e-06,1.2790687479413164e-09,3.259884124476397e-06,7.589893954699844e-05,7.90079007449597e-05,0.0,2.41192631730662e-19,5.366535397911175e-14,1.7092652364858474e-13,3.301364261790257e-14,0.0,-1.234498449139754e-06,5.26374761108309,8.701484294504327e-10,1.841360818559768e-10,1.2176232491131431e-10,8.468699528877497e-10,9.846326246717058e-07,7.082287594070523e-05,7.1741940650850606e-06,6.62282197185167e-10,2.351291551140923e-08
second,0.015625,26,0.40625,1.5335848333454675e-10,5.735130875699894e-11,2.3768846785061727e-06,1.1147240288852904e-09,2.3782101123271497e-06,5.537117843861129e-05,5.642713677756019e-05,0.0,1.3065483211397583e-19,4.007959397482008e-14,1.7108807990912214e-13,2.4606088682958303e-14,0.0,-8.816740121492473e-07,5.096314145252109,7.371485920740396e-10,1.6170191186859702e-10,1.0969221862654127e-10,7.175350868496466e-10,9.179186670980438e-07,5.038504997129254e-05,5.103624230226452e-06,4.723980455920427e-10,1.8345433088147257e-08
second,0.015625,27,0.421875,1.3401255743700232e-10,5.3557042057222997e-11,1.7465887154028158e-06,9.759049401792116e-10,1.7477521899424892e-06,4.0692408914653e-05,4.0349307032625496e-05,0.0,1.1286714022163552e-19,4.745885976878285e-14,1.7108807990912214e-13,1.97660285119953e-14,0.0,-6.304579223846605e-07,5.2137037380598485,6.276815019647073e-10,1.4273728896713518e-10,9.947796453328802e-11,6.110745629154968e-10,8.567679854167456e-07,3.584561565709206e-05,3.6306549888122246e-06,3.3710835297042613e-10,1.4450321633116985e-08
second,0.015625,28,0.4375,1.174616086178974e-10,5.0153065413666835e-11,1.295184515071834e-06,8.576726429083175e-10,1.2962098023887739e-06,3.0179278058705327e-05,2.889871280344168e-05,0.0,6.088049308390284e-20,3.4833595651741763e-14,1.7108807990912214e-13,1.5887008820141264e-14,0.0,-4.5154238755371535e-07,5.490020869765431,5.369550321837404e-10,1.2661170538186688e-10,9.072503355144191e-11,5.228231158334542e-10,8.005978212889429e-07,2.5502261904872946e-05,2.5828085527875447e-06,2.4075589262449664e-10,1.1526653712667775e-08
second,0.015625,29,0.453125,1.0324215514079096e-10,4.7084242157184776e-11,9.712280598582383e-07,7.565793518402301e-10,9.721349656073767e-07,2.2633937332974647e-05,2.07407895540127e-05,0.0,5.124549330888517e-20,3.9534875615386715e-14,1.7108807990912214e-13,1.347351512075063e-14,0.0,-3.240748367813972e-07,5.029886343050748,4.612836272864817e-10,1.1282726885046709e-10,8.314041818336086e-11,4.491978315711723e-10,7.4890104240731e-07,1.814393769318874e-05,1.8373871828879388e-06,1.7206663204181657e-10,9.285119750775532e-09
second,0.015625,30,0.46875,9.097872514216647e-11,4.430515979205619e-11,7.381089584808717e-07,6.695481114757627e-10,7.389137904772818e-07,1.7203916143150242e-05,1.4926155208327919e-05,0.0,2.879912020664621e-20,2.962461101134544e-14,1.7092652364858474e-13,1.1863847127575443e-14,0.0,-2.3322117513009494e-07,5.196090030949563,3.978091988113834e-10,1.0098533048370119e-10,7.650480381543294e-11,3.874212571391418e-10,7.012344706189729e-07,1.2909156176265603e-05,1.3071058728042716e-06,1.2311506943205037e-10,7.572852979390104e-09
second,0.015625,31,0.484375,8.03648821071796e-11,4.1778098495360855e-11,5.6977098579922e-07,5.943794362682199e-10,5.704875082160907e-07,1.3282495709986501e-05,1.0779282064717892e-05,0.0,2.5993323568866342e-20,3.5177748614052317e-14,1.7092652364858474e-13,1.0562098433970543e-14,0.0,-1.6842628226119107e-07,5.272079688962549,3.4428786716065843e-10,9.076471065412482e-11,7.065018144911221e-11,3.353147930602773e-10,6.572092595927105e-07,9.185037763195948e-06,9.298715589985692e-07,8.818808483578558e-11,6.23427729350523e-09
second,0.015625,32,0.5,7.114879454628076e-11,3.9471487206156414e-11,4.476666047486352e-07,5.290906885972981e-10,4.483063157189849e-07,1.0437786331058037e-05,7.819596319815642e-06,0.0,1.3631936494873896e-20,2.3895240997477472e-14,1.7092652364858474e-13,9.877356162635026e-15,0.0,-1.2218119249710578e-07,5.0883012199774384,2.9894549438746606e-10,8.190410922544533e-11,6.544680388653952e-11,2.9115620455637095e-10,6.164829139708039e-07,6.535609115740604e-06,6.61512328557148e-07,6.327376179571774e-11,5.191235173234934e-09
